component,time,property
82,157,176.5299641
4,479,29.88606863
36,225,87
29,171,71.07669683
95,152,202.328828
87,479,195.8860686
70,144,152
76,316,169.7763888
5,115,20.72380529
12,211,38.52583905
30,358,78.92088793
78,113,166.6301458
72,201,158.1774469
92,432,204.7846097
90,379,199.4679223
54,212,122.5602198
58,401,136.0249844
36,514,94.6715681
1,488,24.09072203
21,457,63.37755833