x,y,noise,obs.
0.5,6.3220625,0.172663617,6.494726117
1,5.273,0.177634303,5.450634303
1.5,4.6945625,-0.25333838,4.44122412
2,4.448,-0.04581044,4.40218956
2.5,4.4140625,0.368820053,4.782882553
3,4.493,0.168496372,4.661496372
3.5,4.6045625,-0.166945908,4.437616592
4,4.688,-0.049665683,4.638334317
4.5,4.7020625,-0.218015477,4.484047023
9,4.553,-0.081231073,4.471768927
9.5,5.8945625,-0.149121946,5.745440554
10,8,-0.325742852,7.674257148