,Y_true,Y_pre
0,6.3220625,6.321968819473831
1,5.273,5.273197807418357
2,4.6945625,4.6943063929534885
3,4.448,4.44826334348417
4,4.4140625,4.413848889776276
5,4.493,4.493147472418925
6,4.6045625,4.604488422970939
7,4.688,4.6880245666625795
8,4.7020625,4.702062995418561
9,4.553,4.552978573167662
10,5.8945625,5.894647420978253
11,8.0,7.999911214616805
