,Y_true,Y_pre
0,6.3220625,5.401890465759404
1,5.273,5.164897727272727
2,4.6945625,5.217482954545454
3,4.448,5.239897727272727
4,4.4140625,5.242982954545455
5,4.493,5.235806818181818
6,4.6045625,5.2256647727272725
7,4.688,5.218079545454545
8,4.7020625,5.216801136363636
9,4.553,5.465028944187213
10,5.8945625,5.108392045454545
11,8.0,4.916988636363636
