,Y_true,Y_pre
0,6.3220625,6.0801475117161035
1,5.273,5.252121079234418
2,4.6945625,4.795559587866054
3,4.448,4.600947477282781
4,4.4140625,4.574160563202497
5,4.493,4.6364660373892335
6,4.6045625,4.724522467653148
7,4.688,4.790379797850529
8,4.7020625,4.801479347883796
9,4.553,4.68382411753117
10,5.8945625,5.7427211907048
11,8.0,7.404545821685469
