,Y_true,Y_pre
0,6.3220625,5.36824231250727
1,5.273,5.164897727272727
2,4.6945625,5.013576345295844
3,4.448,4.486004495087433
4,4.4140625,5.242982954545455
5,4.493,4.58059685958982
6,4.6045625,5.2256647727272725
7,4.688,4.688255915038393
8,4.7020625,4.8790964771998295
9,4.553,5.230352272727273
10,5.8945625,5.108392045454545
11,8.0,4.916988636363636
