,Y_true,Y_pre
0,6.3220625,5.693382616720365
1,5.273,5.444095409945036
2,4.6945625,4.643642269814711
3,4.448,4.490634602743923
4,4.4140625,4.788024830191512
5,4.493,4.463247911139586
6,4.6045625,4.840839534993233
7,4.688,4.6378804759630965
8,4.7020625,4.82365712070949
9,4.553,4.312780731469497
10,5.8945625,6.396379403727388
11,8.0,5.226314107671963
