,Y_true,Y_pre
0,6.3220625,5.373729134469556
1,5.273,5.5459283291968875
2,4.6945625,4.789500321440925
3,4.448,5.3085875
4,4.4140625,5.007582828960895
5,4.493,4.543453430303883
6,4.6045625,5.007582758435569
7,4.688,4.683375516995217
8,4.7020625,4.90292001404329
9,4.553,5.3085875
10,5.8945625,6.292531239766761
11,8.0,5.0075830645535175
