,Y_true,Y_pre
0,6.3220625,5.278310126261283
1,5.273,5.2125875
2,4.6945625,5.199520833333334
3,4.448,5.3085875
4,4.4140625,5.007583333333333
5,4.493,4.601840144718562
6,4.6045625,5.007583333333333
7,4.688,5.2125875
8,4.7020625,5.199520833333334
9,4.553,5.3085875
10,5.8945625,5.199520833333334
11,8.0,5.007583333333333
