,Y_true,Y_pre
0,6.3220625,6.006669102966461
1,5.273,5.413235805736983
2,4.6945625,4.778074036909838
3,4.448,4.4581096946860725
4,4.4140625,4.439020311759614
5,4.493,4.531953267380266
6,4.6045625,4.620052536970949
7,4.688,4.6849099672774726
8,4.7020625,4.759189036906273
9,4.553,4.799677908408766
10,5.8945625,6.101547772055301
11,8.0,7.315265100150665
