,Y_true,Y_pre
0,6.3220625,5.875293271247118
1,5.273,5.391380348366351
2,4.6945625,4.6299253478255755
3,4.448,4.49697642318077
4,4.4140625,4.380278605172066
5,4.493,4.519600006591996
6,4.6045625,4.587806736235116
7,4.688,4.700469188362518
8,4.7020625,4.720738953237681
9,4.553,4.199769191357191
10,5.8945625,6.399999266295537
11,8.0,6.101859841674038
