,Y_true,Y_pre
0,6.3220625,6.322062499053493
1,5.273,5.273000002010185
2,4.6945625,4.694562497379871
3,4.448,4.448000002712421
4,4.4140625,4.414062497780105
5,4.493,4.493000001546917
6,4.6045625,4.604562499209784
7,4.688,4.688000000270372
8,4.7020625,4.702062499998009
9,4.553,4.552999999785337
10,5.8945625,5.894562500850138
11,8.0,7.99999999911153
