,Y_true,Y_pre
0,6.3220625,5.880177639889636
1,5.273,5.389945927375863
2,4.6945625,4.630265484254096
3,4.448,4.496912660322773
4,4.4140625,4.380217501140384
5,4.493,4.519715344836605
6,4.6045625,4.587566301092829
7,4.688,4.700996334359205
8,4.7020625,4.718811625923955
9,4.553,4.20012240245215
10,5.8945625,6.402396836478054
11,8.0,4.916988636363636
