H,K,L,Distance,2theta/TOF,Mult
2,1,0,2.5312,35.46423144326819,4
1,-2,0,2.2187,40.66464991014232,4
3,0,0,1.9893,45.60220227345858,2
0,3,0,1.5934,57.87048141978903,2
3,2,0,1.529,60.55636572946891,4
4,-1,0,1.4242,65.54441047068566,4
-2,3,0,1.4055,66.52865178487724,4
-5,0,0,1.1936,80.46307611979638,2
-1,4,0,1.1717,82.28742787285964,4
4,3,0,1.089,90.13113660824055,4
5,2,0,1.0678,92.43480274021225,4
-3,4,0,1.0244,97.62482597963572,4
